{
  "generated_at": "2026-07-16 19:23:35 UTC",
  "rss_source": "ps for mini-redis-go; /proc VmRSS + HugetlbPages otherwise",
  "server_core": 2,
  "client_core": 3,
  "suite": "set",
  "members": 1000000,
  "value_bytes": 16,
  "batch": 128,
  "pipeline": 256,
  "requests": 200000,
  "rounds": 3,
  "ring_size_bytes": 2097152,
  "engines": [
    {
      "label": "goblin-resp-tcp",
      "transport": "resp",
      "optimized": true,
      "population": {
        "commands": 7813,
        "logical_operations": 7813,
        "seconds": 0.444801014,
        "checksum": 1132821,
        "operations_per_second": 17565.1577988534
      },
      "memory": {
        "rss_bytes": 35082240,
        "rss_delta_bytes": 28651520,
        "used_memory_bytes": 28158132,
        "key_bytes": 28157544,
        "goblin_memory": {
          "member_count": "1000000",
          "member_live_bytes": "17000000",
          "member_dead_bytes": "0",
          "member_allocated_bytes": "23002640",
          "member_index_capacity": "1030928",
          "member_index_tombstones": "0",
          "member_index_allocated_bytes": "5154656",
          "total_allocated_bytes": "28157544"
        }
      },
      "operations": {
        "member-hit": {
          "commands": 200000,
          "logical_operations": 200000,
          "seconds": 0.082030624,
          "checksum": 3600000,
          "operations_per_second": 2438113.8439224847,
          "round_rates": [
            2247977.3739278936,
            2438113.8439224847,
            2463120.1029554647
          ]
        },
        "member-miss": {
          "commands": 200000,
          "logical_operations": 200000,
          "seconds": 0.125328571,
          "checksum": 3400000,
          "operations_per_second": 1595805.3172089546,
          "round_rates": [
            1485638.0436188232,
            1610108.985540046,
            1595805.3172089546
          ]
        },
        "multi-member": {
          "commands": 200000,
          "logical_operations": 200000,
          "seconds": 0.16408846,
          "checksum": 24600000,
          "operations_per_second": 1218854.7567574224,
          "round_rates": [
            1197584.1661553183,
            1218854.7567574224,
            1223750.2811260333
          ]
        },
        "card": {
          "commands": 200000,
          "logical_operations": 200000,
          "seconds": 0.061993946,
          "checksum": 200003400000,
          "operations_per_second": 3226121.4667638675,
          "round_rates": [
            3219272.522638206,
            3234805.8902968634,
            3226121.4667638675
          ]
        },
        "churn": {
          "commands": 200000,
          "logical_operations": 100000,
          "seconds": 0.096981264,
          "checksum": 3600000,
          "operations_per_second": 1031127.0020155646,
          "round_rates": [
            683636.2362562882,
            1034852.1437407144,
            1031127.0020155646
          ]
        },
        "intercard": {
          "commands": 20,
          "logical_operations": 20,
          "seconds": 1.486911159,
          "checksum": 10000340,
          "operations_per_second": 13.450702739665163,
          "round_rates": [
            13.325240577158064,
            13.453388167433122,
            13.450702739665163
          ]
        }
      },
      "final_cardinality": 1000000
    },
    {
      "label": "goblin-sbe-ring",
      "transport": "sbe",
      "optimized": true,
      "population": {
        "commands": 7813,
        "logical_operations": 7813,
        "seconds": 0.335837739,
        "checksum": 1132821,
        "operations_per_second": 23264.21093491223
      },
      "memory": {
        "rss_bytes": 43556864,
        "rss_delta_bytes": 28770304,
        "used_memory_bytes": 28158132,
        "key_bytes": 28157544,
        "goblin_memory": {
          "member_count": "1000000",
          "member_live_bytes": "17000000",
          "member_dead_bytes": "0",
          "member_allocated_bytes": "23002640",
          "member_index_capacity": "1030928",
          "member_index_tombstones": "0",
          "member_index_allocated_bytes": "5154656",
          "total_allocated_bytes": "28157544"
        }
      },
      "operations": {
        "member-hit": {
          "commands": 200000,
          "logical_operations": 200000,
          "seconds": 0.029724866,
          "checksum": 3600000,
          "operations_per_second": 6728373.4769401485,
          "round_rates": [
            5423780.440594838,
            6728373.4769401485,
            6741254.604108363
          ]
        },
        "member-miss": {
          "commands": 200000,
          "logical_operations": 200000,
          "seconds": 0.0728942,
          "checksum": 3400000,
          "operations_per_second": 2743702.5167983184,
          "round_rates": [
            2528129.709234114,
            2752665.8192126164,
            2743702.5167983184
          ]
        },
        "multi-member": {
          "commands": 200000,
          "logical_operations": 200000,
          "seconds": 0.054655636,
          "checksum": 10200000,
          "operations_per_second": 3659274.955651417,
          "round_rates": [
            3635355.849624741,
            3711007.2408431084,
            3659274.955651417
          ]
        },
        "card": {
          "commands": 200000,
          "logical_operations": 200000,
          "seconds": 0.016986343,
          "checksum": 200003400000,
          "operations_per_second": 11774164.692188306,
          "round_rates": [
            11801353.249375751,
            11659517.147914207,
            11774164.692188306
          ]
        },
        "churn": {
          "commands": 200000,
          "logical_operations": 100000,
          "seconds": 0.039522171,
          "checksum": 3600000,
          "operations_per_second": 2530225.376536122,
          "round_rates": [
            1069700.6915422424,
            2554531.6510175634,
            2530225.376536122
          ]
        },
        "intercard": {
          "commands": 20,
          "logical_operations": 20,
          "seconds": 1.529635471,
          "checksum": 10000340,
          "operations_per_second": 13.075010601659878,
          "round_rates": [
            12.923230408506925,
            13.077965592483267,
            13.075010601659878
          ]
        }
      },
      "final_cardinality": 1000000
    },
    {
      "label": "redis-7.2.4",
      "transport": "resp",
      "population": {
        "commands": 7813,
        "logical_operations": 7813,
        "seconds": 0.315201187,
        "checksum": 1132821,
        "operations_per_second": 24787.3432024861
      },
      "memory": {
        "rss_bytes": 53358592,
        "rss_delta_bytes": 46059520,
        "used_memory_bytes": 39034736,
        "key_bytes": 56388720,
        "goblin_memory": {}
      },
      "operations": {
        "member-hit": {
          "commands": 200000,
          "logical_operations": 200000,
          "seconds": 0.109269514,
          "checksum": 3600000,
          "operations_per_second": 1830336.6847591177,
          "round_rates": [
            1629692.6214745787,
            1830336.6847591177,
            1864675.2059778504
          ]
        },
        "member-miss": {
          "commands": 200000,
          "logical_operations": 200000,
          "seconds": 0.11140166,
          "checksum": 3400000,
          "operations_per_second": 1795305.3841388002,
          "round_rates": [
            1785326.1685575712,
            1827120.6404912937,
            1795305.3841388002
          ]
        },
        "multi-member": {
          "commands": 200000,
          "logical_operations": 200000,
          "seconds": 0.191516778,
          "checksum": 24600000,
          "operations_per_second": 1044294.9285623424,